date,commodity_index,usd_inr_rate,usd_cny_rate,usd_eur_rate
2021-01-03,98.95,73.56,6.35,0.84
2021-01-10,99.26,74.22,6.43,0.87
2021-01-17,99.59,74.4,6.49,0.86
2021-01-24,100.47,73.56,6.37,0.84
2021-01-31,101.01,74.52,6.42,0.85
2021-02-07,102.05,74.42,6.35,0.84
2021-02-14,102.59,75.0,6.5,0.84
2021-02-21,103.34,74.41,6.46,0.86
2021-02-28,105.42,74.6,6.41,0.84
2021-03-07,106.0,74.73,6.44,0.86
2021-03-14,106.62,75.29,6.5,0.85
2021-03-21,108.9,73.73,6.38,0.86
2021-03-28,109.05,73.91,6.42,0.86
2021-04-04,110.42,74.7,6.48,0.87
2021-04-11,111.53,74.99,6.52,0.86
2021-04-18,110.83,74.04,6.5,0.87
2021-04-25,110.93,74.89,6.41,0.86
2021-05-02,111.35,74.6,6.54,0.86
2021-05-09,111.95,74.39,6.55,0.87
2021-05-16,111.11,75.01,6.55,0.86
2021-05-23,110.21,75.51,6.5,0.86
2021-05-30,110.61,76.14,6.48,0.85
2021-06-06,109.44,76.33,6.59,0.86
2021-06-13,108.79,75.95,6.49,0.83
2021-06-20,107.23,75.55,6.53,0.86
2021-06-27,106.13,75.39,6.57,0.86
2021-07-04,105.5,75.57,6.6,0.86
2021-07-11,104.94,75.63,6.5,0.86
2021-07-18,104.62,76.17,6.61,0.87
2021-07-25,104.1,76.47,6.52,0.88
2021-08-01,104.44,75.15,6.59,0.86
2021-08-08,105.08,75.64,6.59,0.87
2021-08-15,104.2,76.32,6.57,0.86
2021-08-22,102.6,75.84,6.5,0.87
2021-08-29,102.72,75.76,6.52,0.89
2021-09-05,103.39,76.6,6.63,0.88
2021-09-12,102.68,75.82,6.61,0.88
2021-09-19,102.41,76.46,6.62,0.86
2021-09-26,103.24,76.03,6.58,0.87
2021-10-03,104.25,77.36,6.58,0.86
2021-10-10,104.82,76.93,6.63,0.86
2021-10-17,105.12,76.2,6.59,0.87
2021-10-24,105.07,76.56,6.64,0.86
2021-10-31,105.66,76.77,6.56,0.87
2021-11-07,106.2,76.33,6.63,0.87
2021-11-14,107.27,76.44,6.59,0.87
2021-11-21,108.18,77.07,6.65,0.88
2021-11-28,107.71,76.71,6.59,0.88
2021-12-05,108.27,76.07,6.71,0.88
2021-12-12,110.02,77.11,6.57,0.89
2021-12-19,108.84,77.37,6.71,0.85
2021-12-26,108.52,76.78,6.65,0.87
2022-01-02,108.48,76.61,6.7,0.88
2022-01-09,109.77,77.72,6.7,0.85
2022-01-16,110.13,77.19,6.65,0.89
2022-01-23,110.96,77.13,6.66,0.87
2022-01-30,112.07,77.19,6.74,0.87
2022-02-06,113.14,78.02,6.7,0.88
2022-02-13,113.25,77.48,6.68,0.87
2022-02-20,113.59,77.63,6.68,0.89
2022-02-27,113.98,77.38,6.7,0.88
2022-03-06,115.79,77.53,6.8,0.89
2022-03-13,116.06,77.42,6.79,0.89
2022-03-20,116.93,77.88,6.81,0.88
2022-03-27,117.82,77.14,6.81,0.87
2022-04-03,118.97,77.87,6.7,0.9
2022-04-10,119.9,77.62,6.74,0.86
2022-04-17,120.13,77.61,6.71,0.88
2022-04-24,120.69,78.15,6.79,0.89
2022-05-01,122.83,77.98,6.75,0.87
2022-05-08,122.39,77.54,6.74,0.87
2022-05-15,122.14,77.65,6.74,0.88
2022-05-22,121.42,78.25,6.73,0.89
2022-05-29,121.81,77.82,6.81,0.86
2022-06-05,121.74,77.44,6.81,0.89
2022-06-12,121.26,78.74,6.75,0.88
2022-06-19,121.72,77.77,6.84,0.89
2022-06-26,121.15,78.26,6.81,0.88
2022-07-03,122.75,78.04,6.75,0.88
2022-07-10,124.24,78.09,6.75,0.89
2022-07-17,126.35,78.79,6.76,0.89
2022-07-24,129.19,78.35,6.86,0.89
2022-07-31,128.59,78.62,6.89,0.89
2022-08-07,129.12,77.88,6.69,0.88
2022-08-14,130.74,79.72,6.77,0.89
2022-08-21,132.23,79.08,6.9,0.89
2022-08-28,133.26,79.66,6.83,0.89
2022-09-04,132.62,79.66,6.9,0.89
2022-09-11,132.87,79.67,6.86,0.89
2022-09-18,133.58,79.01,6.87,0.91
2022-09-25,133.02,79.22,6.92,0.88
2022-10-02,131.97,78.75,6.87,0.89
2022-10-09,131.2,79.35,6.83,0.87
2022-10-16,130.12,78.74,6.91,0.89
2022-10-23,129.66,80.13,6.86,0.88
2022-10-30,127.83,79.93,7.0,0.91
2022-11-06,128.48,79.85,6.88,0.89
2022-11-13,127.43,79.32,6.92,0.89
2022-11-20,126.11,80.24,6.95,0.9
2022-11-27,125.39,78.92,6.97,0.88
2022-12-04,125.32,79.72,6.97,0.9
2022-12-11,123.92,79.9,6.98,0.9
2022-12-18,123.44,80.7,6.92,0.91
2022-12-25,123.48,79.29,6.97,0.9
2023-01-01,123.15,80.68,6.84,0.88
2023-01-08,122.68,80.64,6.97,0.91
2023-01-15,123.82,80.72,6.98,0.93
2023-01-22,125.0,79.89,6.99,0.9
2023-01-29,126.2,80.46,7.0,0.9
2023-02-05,127.15,80.74,7.0,0.89
2023-02-12,126.7,80.49,6.95,0.88
2023-02-19,127.17,80.58,6.96,0.9
2023-02-26,128.71,80.7,7.01,0.89
2023-03-05,128.16,80.2,6.89,0.9
2023-03-12,127.74,80.25,6.91,0.9
2023-03-19,128.27,81.02,6.96,0.92
2023-03-26,129.13,80.39,6.97,0.9
2023-04-02,129.86,80.92,7.02,0.89
2023-04-09,130.24,80.17,7.11,0.91
2023-04-16,129.48,80.76,6.99,0.9
2023-04-23,129.85,81.68,7.04,0.92
2023-04-30,129.27,81.09,6.94,0.91
2023-05-07,129.38,81.63,7.0,0.9
2023-05-14,129.07,81.94,7.07,0.92
2023-05-21,128.56,81.61,7.02,0.92
2023-05-28,130.1,81.43,7.01,0.9
2023-06-04,128.8,81.22,6.94,0.91
2023-06-11,127.82,81.22,7.01,0.93
2023-06-18,128.26,81.22,7.11,0.89
2023-06-25,129.22,81.99,7.04,0.9
2023-07-02,129.31,81.61,7.07,0.91
2023-07-09,128.69,81.99,7.03,0.91
2023-07-16,127.62,82.44,7.06,0.91
2023-07-23,127.89,82.64,7.14,0.91
2023-07-30,127.5,82.08,7.07,0.91
2023-08-06,126.72,82.14,7.06,0.91
2023-08-13,127.26,81.75,7.16,0.93
2023-08-20,126.88,82.37,7.1,0.93
2023-08-27,125.62,81.54,7.09,0.92
2023-09-03,125.56,82.07,7.12,0.92
2023-09-10,125.19,81.57,7.17,0.91
2023-09-17,124.38,81.49,7.13,0.94
2023-09-24,124.67,82.35,7.09,0.9
2023-10-01,125.16,81.76,7.14,0.92
2023-10-08,123.34,82.04,7.06,0.92
2023-10-15,124.48,82.58,7.1,0.92
2023-10-22,125.63,82.9,7.17,0.93
2023-10-29,125.94,83.47,7.16,0.91
2023-11-05,125.78,81.59,7.18,0.93
2023-11-12,126.75,82.17,7.19,0.92
2023-11-19,127.34,81.71,7.21,0.91
2023-11-26,127.55,82.08,7.18,0.91
2023-12-03,127.82,83.03,7.23,0.92
2023-12-10,128.67,82.81,7.21,0.91
2023-12-17,130.47,82.08,7.22,0.89
2023-12-24,130.17,83.11,7.15,0.9
2023-12-31,131.18,83.77,7.16,0.92
